A5;A10;A20;A40;globale
0,012855016;0,966382257;0,87514354;-0,912806967;5,142168484
0,120551331;-0,372690808;1,117127288;1,427867662;5,615903756
-0,113200116;0,121023851;0,033025414;0,807941951;4,52274913
2,055657536;2,090874383;0,365501895;-1,088393273;6,654766617
1,444886947;0,98416216;0,458546319;-0,275989058;6,623145718
0,605675112;1,095403893;1,950686898;2,102870858;7,228318152
1,242498644;1,191124599;0,828782395;2,159204122;8,242051411
1,602102766;1,307754228;-0,210174844;0,56575495;6,871401455
-0,822433968;-0,796442313;0,176531055;0,204703395;2,865895645
1,650131057;2,878760643;2,3755205;1,254244762;9,235996374
1,989910781;1,991179715;0,038196654;1,679324227;7,502776239
1,815739654;1,155344092;1,564465492;0,190118572;7,065169544
0,080633149;1,098214435;1,756229321;1,04551137;6,555479082
1,305864067;1,755921426;1,271972748;-0,057945748;7,742344353
-1,785784637;-1,476990121;0,968607535;0,115630125;2,423294343
1,094612115;-0,63014544;-0,735109433;-2,06509043;3,033438901
-0,797259201;-0,093116659;-0,940682044;-0,295827616;2,940380503
1,304962832;0,2547635;0,352062859;0,213904109;5,033039689
-0,308948738;-0,180671606;-1,029010929;0,741929259;3,391289755
0,816939472;0,505898884;-0,223883429;0,552548173;5,692344029
0,194590781;-0,239536663;0,520317712;0,137229804;4,414084368
0,36182156;1,151045798;-0,318645736;-1,175546687;4,904629685
0,431758191;0,770877443;2,286416072;1,731752175;7,643223997
-0,704738034;-0,715270906;0,512948102;0,020182215;3,737160631
-1,037271905;0,002077551;0,142859793;-0,972530791;2,782381882
0,882562618;-0,325907874;0,018184928;-0,551301997;4,534762371
2,012723808;1,269615703;0,902579095;0,859748595;8,168715204
0,605309769;0,983898201;0,634898646;-0,803921535;5,142135974
0,458145797;1,740001121;2,036648105;2,22314647;6,95256831
-0,519288743;-0,516154624;0,339288614;-0,040718408;3,893651652
-0,409529515;-1,248411532;-0,166357555;0,927029475;1,506719915
0,653079565;0,331917391;0,29713308;-0,138121769;5,206158166
0,07979993;-0,745884521;0,705577957;-0,205197309;3,320348126
0,966701478;0,339391991;0,071069223;1,052323521;5,963890746
-0,532543834;-1,511201174;0,32458068;0,47681703;3,123086188
0,412756294;0,910017033;0,873636527;-0,211252858;6,197188866
0,309220732;1,040291431;0,633789422;-1,139697058;4,661377586
-0,747905068;0,357830796;1,278680806;2,25655302;5,848129257
-0,884444407;-0,063261717;0,937105031;0,55747004;3,993618548
0,842715509;0,774731951;0,457507417;1,881762053;6,669459432
-0,064570421;0,761550835;0,514018576;0,942008315;5,504803265
0,328481914;0,65359267;1,630162462;0,925817648;6,693665893
-1,82899403;-1,317190686;-1,294952035;-1,244334379;0,385085825
-0,638480624;0,450751786;1,238727727;-0,415011783;4,811893519
0,47697034;0,97169639;0,152378028;-0,476968335;5,220700415
0,488486284;0,310776294;-0,214170851;-0,192849886;4,454300511
1,055738666;2,00874137;1,210121773;0,931107388;7,662921452
0,883674777;1,432230404;2,16145272;-0,152754893;7,32881177
1,693729746;1,495392923;-0,82583324;0,810045508;6,554573734
-0,619173671;0,249031564;2,739187466;0,540289887;6,034730585
0,591096185;-0,329999777;-0,581808914;0,544525125;4,157659249
2,065279835;2,434311084;1,102047961;1,685475171;9,202938047
1,081596435;0,499162015;-0,044475159;0,085655277;4,968982612
0,18854339;0,47597693;-0,255785026;0,785967905;5,132016551
0,457185987;-0,516540203;-1,559324127;-0,036549138;3,230360479
-0,724495316;-0,35696319;-1,299244372;-0,389898468;1,844909294
0,866593766;0,283438733;0,126002613;-0,481016723;4,609589075
-0,796290673;0,189225987;0,538261516;0,718606565;5,122053001
-1,292207567;-1,082114485;-0,626402667;-0,106604624;2,105189255
0,96453128;0,423436386;-0,0612092;0,081685771;4,898728625
0,749789499;0,51380744;1,255923491;-0,247888245;5,282982754
0,866344939;1,368103714;0,957577548;0,901487715;7,429130885
0,324533464;1,479269032;1,984499036;0,904257287;7,094323529
1,832068238;1,605580486;1,592030753;0,687653077;8,423959138
-0,616221382;0,33430666;0,41260888;-0,49952053;3,899409158
-0,786455411;-0,96097654;0,081120294;0,24552464;3,140658635
-0,041992882;-0,051176571;-1,172629831;0,703400973;4,153424023
0,604849856;1,675866203;1,135704007;1,853130019;8,023426396
0,471521805;-0,197652072;0,053387528;1,559082512;4,755342988
0,931396426;0,51267074;0,073843503;0,617987225;5,611711262
0,968517139;1,213979469;-0,479860324;-0,506598708;5,8017189
1,435523046;0,551630741;-0,417779007;0,274050772;4,791571891
0,664679416;-0,35392196;0,832769703;1,27104656;5,378056912
0,672483047;0,605866116;1,693168889;0,893468311;7,032691619
0,905416857;0,522499439;0,642930139;0,907884431;6,370005977
1,109812318;1,172371243;1,342821991;3,101345361;8,362150368
-0,047495894;0,59173343;1,618882059;0,719297497;6,479103873
-0,000257617;-0,238928505;-0,396684193;-0,507308506;3,164490465
-1,476987165;-0,530569379;0,262920371;-0,260534398;2,792626971
-0,533915008;-0,532456121;0,377309735;-0,561461565;3,599413463
0,038750312;-0,507144928;1,58379226;0,944732082;5,190588537
0,695225788;0,799727502;-0,122892378;-0,514018607;4,633893822
1,209238678;1,15008034;0,70167283;0,85523515;6,887064037
-0,228748724;-0,122359487;0,230606838;0,006430183;4,172229274
-0,60010768;-1,138049581;0,004877728;-0,825900302;2,30794766
-0,320377122;-0,820883831;-0,014733177;0,810633479;3,819280212
0,170576872;-0,454700903;-1,368994411;0,704429336;3,756101031
-0,969070334;-0,478597641;0,33017299;-0,037689484;3,256271873
-0,809291951;-0,48813116;-0,829555405;-1,255403075;1,881079917
-0,739575478;-0,510051713;-0,413082374;0,939785378;3,834349832
0,661556098;0,206702802;0,113745861;0,356611944;5,155599822
2,431175681;0,778471648;-0,176094314;-0,059754791;6,207333277
0,12997188;-0,777885738;-0,031118217;-1,805454655;2,586898083
-0,31631813;-1,063936091;0,740188304;-0,485020624;3,008597015
0,218870516;-0,023904297;-0,0427964;-0,298071474;4,299189489
0,736384794;-0,605904326;-0,417925541;-1,263300682;3,462344383
1,299195836;1,330195014;2,800698435;1,563268158;8,711096627
-1,255482102;-0,067951721;1,848951011;0,371377;4,375360154
-0,991143467;0,250618552;0,564535377;1,059287901;4,409971492
-0,342231717;0,09196723;-1,567289087;-0,71538873;2,813061262
0,021078368;0,252488897;1,747098024;1,214736344;5,561407937
0,563119656;0,575965512;1,051482463;2,020915915;6,797926945
-0,459145259;0,511743199;-1,511648922;0,086187436;3,307284005
-0,327571878;0,141162108;-0,017909333;1,173484399;4,17933063
-1,204510158;-0,92639629;0,371700404;0,060229844;3,312202427
0,958935887;1,455873062;1,646631373;1,62597766;8,254418886
2,112877616;1,638613401;0,531759097;0,557612055;7,606437061
-0,498836317;-0,348634172;1,157857036;0,197854497;3,97793042
0,624485684;1,337135643;1,226075163;1,378756355;7,123306453
-0,843779605;-0,08350201;0,008759578;-0,320978711;3,409921329
-1,243243152;-0,95599703;0,406725357;1,258660397;3,965663842
1,067892089;0,708197611;0,538607582;-0,127727646;6,152669406
-0,094442861;-0,167733677;1,151349972;-0,348817389;4,138837204
1,089537001;2,111922343;2,920463338;3,034588287;10,00286899
0,551542358;1,064724676;3,279388927;2,284040385;8,353352598
0,525394983;0,307773232;-0,640542043;-0,244357516;4,440227184
-0,320109884;-0,077431775;-0,189924692;0,944762438;4,517843303
1,078066942;0,232264714;0,004097574;0,801776396;4,952763241
1,307368178;2,251188551;-0,578972062;1,424109838;7,499543734
0,112583756;0,387526344;-0,602253605;-0,03147663;4,235366713
1,721001908;0,449484755;-0,407167398;0,344845034;4,788715781
-0,874135451;-1,775177353;-0,191864512;-0,774358109;1,896879575
-1,267591094;-1,140156468;-0,030544446;0,515536708;2,900729129
0,625649788;-0,152564209;0,110592397;0,383076362;4,880170891
0,224616898;-1,121262253;-1,254733624;-1,240886304;2,03194168
-0,572278121;-0,133560661;-0,370764127;-0,315822705;3,598641618
-1,473605819;-1,159400497;0,846710409;1,051628838;3,653063179
0,23302343;-0,001086756;1,256832805;0,626436187;5,106650069
0,093599695;-0,48315418;-0,046996802;0,067826335;4,105862393
-1,536408532;-1,242646302;-0,012493844;1,121129352;2,867385478
0,360719231;1,574646691;1,515099475;1,110699084;6,99156432
-0,966087928;-1,320933866;-0,704882193;-0,119321659;1,636679969
0,887098314;-0,31230389;-0,335798326;-0,499596297;4,166927216
0,718382811;0,069500001;-0,639242043;-0,186057575;3,717490531
-0,732282662;-1,128233043;-0,594776575;-0,70900529;1,660479379
0,923331766;0,198001428;1,157336499;1,457091317;6,548453696
0,941908907;-0,179143086;0,751917542;0,3099218;5,224769515
0,97537408;0,185918066;0,641179813;1,033815204;5,271183479
1,810132298;1,051802743;1,770084261;0,085265229;7,963456877
-0,35570775;0,841077798;-0,470514116;0,635781226;3,997754708
-0,074670627;0,111490591;-0,743843957;0,114157616;3,756252968
-0,20149377;-0,21342411;0,138516774;-0,551445839;3,488712188
-0,361733608;0,409006695;1,409364461;0,45295303;5,606190856
-0,58865747;0,195598057;0,654585738;-0,523360892;3,550538925
0,985968961;0,99356956;-0,653549134;0,360281506;5,30567946
0,292518209;-1,32303234;-0,999774705;-0,151249066;2,441608184
0,2042748;-0,4622392;-1,187866657;-0,953682765;2,984216195
1,030248027;1,114180889;1,552433596;1,405550534;7,477392198
0,928644309;0,809598282;0,449780865;1,330059191;6,732375523
-1,499224381;-2,066252503;0,061709262;0,798154889;1,509540731
-0,425994722;-1,071543686;0,025752849;0,986963608;3,66399716
0,526750943;0,064310747;0,395751235;0,91627769;4,946180847
0,759854938;-0,11619814;-0,576600953;-0,847794705;3,373243256
0,88329246;0,536226271;1,392845386;-0,220073242;5,811294667
-0,498864588;-0,885195548;-0,585364842;-0,44543292;3,00686924
0,486720613;0,58542017;0,856726048;1,076869634;4,926985821
0,866222563;0,190108646;0,676443709;1,734411652;6,185795333
-0,772566911;-1,543683443;-0,608189267;0,511210028;1,721249507
1,097555118;0,602218027;-1,594443867;0,773193968;5,323319444
0,576861866;0,282666291;-0,138603789;-0,68576973;3,938846657
1,537593575;0,784665822;-0,025817996;-0,292998588;5,901872708
0,070003894;0,781730657;1,756950916;-0,006666581;5,894091989
-0,630896818;-0,258402196;-0,138132444;-0,698902396;3,00796359
0,370540364;0,227055498;0,700681497;-0,564438368;5,251442887
-0,566558371;-1,059295424;-0,798794164;-0,42921961;2,396523112
2,024792315;0,570736171;-1,342240485;-0,163746007;5,170760585
1,280445632;1,311311582;0,827593476;1,074105309;7,069847367
-1,639528686;-0,690678594;-0,401656199;-1,060186278;2,125527479
0,854391416;0,995598509;0,535089339;1,274540514;6,518768347
0,298088436;0,521086324;1,008327503;-0,645965926;5,080345037
1,200944077;0,869865743;-0,142963578;0,578328676;6,305632752
0,745933334;-0,39895505;0,439694201;0,689014577;3,794109319
0,301229705;0,462991226;0,236654361;2,089389649;5,999780556
0,422879853;1,610085722;0,80467769;1,020324392;6,840615881
0,49868622;-1,069450584;0,228192596;0,666166203;3,30524992
0,649223966;1,315423985;2,337241499;0,588090491;7,713761951
0,429945458;-0,868750368;-0,050309792;1,215523292;3,64131671
0,563723136;1,345833132;0,698940357;-0,16934748;5,43746473
0,601780692;-0,118402934;0,038042066;2,884745912;5,9556624
0,903369771;1,641706284;0,041245988;0,602394945;6,814757809
0,272862533;0,096908053;0,772735941;0,533074039;5,373369047
0,380350433;0,889569732;-0,167214802;-0,186260121;5,405214666
-1,557535991;-1,035746139;-1,657300036;-1,989167314;0,261062728
-0,004743129;1,117785433;1,020243306;0,354453272;5,634743887
-0,247988299;-1,164232881;-0,543452378;-0,462553241;2,590894091
0,633098658;0,328045869;1,021290532;0,207892325;5,473924939
1,184743477;0,856314324;1,756555113;0,931291734;7,751040879
-0,030358503;0,457641819;0,476784691;0,330928471;5,494635259
0,373453841;0,549427307;-0,52748935;0,35102076;4,52955676
-0,394807653;0,22427057;1,307170181;1,542097578;6,044326878
1,532351021;0,834654017;0,487190707;-1,32799796;5,43130231
1,555949772;1,582839269;0,01398337;-0,201611434;6,584101371
-0,231337476;0,305178254;-0,482637211;0,916667404;4,243950511
0,075314144;-0,288546378;0,677527026;1,721102216;4,830955615
1,755626339;2,339542038;1,841324384;0,460575176;8,851695556
1,155753293;2,085256166;2,687436107;-0,839433017;8,351933173
0,448045972;0,586076993;0,18746989;0,535699081;4,525151144
-0,78832974;0,342308681;0,668258066;0,254624128;4,126239649
2,04283714;0,708449452;1,05053683;0,7806508;6,578428861
0,290486503;-1,002187208;-0,990451909;0,14001989;3,254715462
0,499164239;-0,499872532;-0,157684972;-0,56747585;3,740147282
-0,499838547;0,80908018;1,247530727;0,163302049;5,766457212
1,210937771;0,463410216;-1,568555761;-1,018826437;3,690858084
0,906502197;0,654661993;-0,43387469;0,11675709;5,274788477
1,382239915;0,584260279;-0,16752034;0,204816317;6,012824667
0,726746065;0,396919625;-0,338024084;-0,437423069;4,896284847
1,056851132;1,103546139;1,495782491;0,907570755;7,249600708
1,704840676;1,150987602;0,385704061;1,408906586;7,108633253
0,33047547;-0,906179023;-1,868550777;0,031718338;2,49651074
0,577547807;0,99618002;0,592881821;0,714209198;6,418807163
0,542875325;-0,987390878;-1,190398751;2,25557085;4,447062853
0,707245187;1,272102889;1,621150445;-0,16051333;7,005472056
-0,284614255;0,053650015;0,63647741;-0,199427313;4,002429578
2,836520598;1,974862464;1,332375103;0,040735306;9,08595814
-0,218409526;-0,602473288;0,487756993;-1,295978287;2,875464102
-0,713660272;0,995196489;1,604649917;0,577160307;4,61567062
-0,07188802;0,220989593;-0,678109161;-0,455035714;3,435249335
1,50433386;1,088868693;-0,171455396;0,106898932;6,365841467
2,170317139;1,037016117;1,280285584;-1,005237141;7,182569644
0,211436039;0,600095425;1,109259407;-1,136721081;5,026935904
-1,079413552;0,290617726;0,08141615;0,324304974;3,754669471
-1,456673128;-2,548209002;-1,666123776;-0,35736757;-1,719897387
-0,620558791;-0,745671132;1,432175238;1,32545261;4,701860658
0,565617018;-1,096261827;-0,92918775;-0,326168734;2,51372774
0,553368507;0,280742837;0,029134031;-0,072247127;4,971152238
-0,748686425;-0,35397987;0,209225408;0,224054931;3,982230554
-0,445562233;-0,723102804;-0,569554727;1,128930109;3,379624183
0,84579523;0,871256083;0,675336483;2,121906341;6,811398603
-0,394699086;-0,613226149;-1,202299412;-1,478870615;1,634893568
0,261225559;-0,874474068;-0,319857216;0,936820775;4,066981188
1,498922835;2,221446236;-0,120735998;0,597158144;6,500962272
1,747543035;1,502527152;1,628432261;1,298755;8,444155739
-0,357911361;-0,616465378;0,173927206;0,395865513;3,57098611
-0,143895476;-0,17463631;-0,624451591;0,545624195;3,829902137
1,475728958;0,72044114;0,495896811;1,882679887;7,32273424
1,917018398;1,44437203;-0,882601397;0,408560396;5,695805532
0,280850866;0,546330384;0,622107895;2,430096056;6,649407823
0,197782418;0,117121018;0,260038243;-2,19157133;3,359774788
0,169130662;-0,421619439;-0,263760388;-0,355568368;4,086451121
1,215453443;1,82422193;1,041866255;2,553742278;7,499192843
-0,945227609;-1,669703157;0,614580192;0,491614689;2,572462067
1,180555657;1,260314626;0,41928299;2,426371699;7,693562425
0,657716142;1,162320493;2,20198115;1,640239612;7,872103045
1,732029848;1,081064049;0,627838186;2,653272357;8,418905685
0,643451257;-0,475798461;1,154305644;-0,574640341;5,015667922
-0,687808855;-0,876627202;-0,856824594;-1,560375843;1,381709679
1,314301079;0,943926332;0,088334371;1,784956359;7,426781379
0,016256907;-0,133025613;-0,906218682;0,953577056;3,832252683
0,688798789;0,864376859;2,459318196;1,26230112;7,730860352
0,344091492;0,387625503;0,98865778;0,701357315;5,9505467
-1,235774278;-0,091916892;0,37012247;0,860764452;3,025577114
0,122759251;-0,214131787;0,500780151;-0,18902047;4,30133439
-1,096164342;-0,192286967;0,249534847;-0,319144176;3,618804391
-0,783955814;-1,030838604;0,286084437;-1,168417436;2,188982114
-0,593473931;-1,900204546;-0,665107798;0,549666101;1,434923794
0,77000705;0,049989811;0,72960079;0,303838611;5,139129511
1,24904509;0,945294521;0,099547651;0,220457652;6,017557558
0,835839546;0,250761935;0,498310248;0,314147293;5,753880816
-0,928448435;0,426795288;-1,110745439;-0,952773093;2,937584675
0,243892763;-0,326842059;1,137690026;1,088797841;5,849030111
2,250996339;2,326149494;2,676538064;0,910532852;9,607177624
-0,532423868;-1,284364036;-0,299801244;0,026901242;2,789330466
0,242011577;0,34675328;0,177287087;0,161873456;4,724228277
-0,001724391;-0,244096642;0,013930919;0,814583131;4,792195595
-0,622236412;-0,8610487;0,374738494;-0,648969802;2,379841009
1,95542811;1,571394765;0,855344828;0,164177858;7,688023117
1,103263146;1,29664876;1,391400837;0,823155043;7,543750779
1,824918264;1,144358128;0,397606281;0,005246386;6,700006
-0,33030147;-0,420004006;-0,059448264;-0,369981243;3,741822745
1,118618238;1,434969609;-0,362394129;-1,127660762;5,633777775
1,300958009;0,780863996;0,050541846;0,499674852;6,247931165
0,994033383;0,332064341;-0,286477412;-0,272414659;4,832400102
0,624296431;1,079214532;1,061767178;0,74447415;6,247461236
-1,676615249;-0,921119522;-1,545639766;-0,976946263;0,30998194
-0,17254158;0,333638609;2,065111461;0,158393182;5,956926196
-0,368639447;0,982402776;0,750549023;-0,963359091;4,648897584
0,373428844;-0,861833417;-1,550015265;-0,9276955;2,096430516
-0,78803365;-0,092370204;1,786663464;1,580972223;4,421529861
0,076968263;0,061398717;0,944947061;-0,681194978;4,745525168
-0,536659938;0,18471659;0,201179143;0,308139978;3,51968573
1,066827502;1,462973113;1,309777473;-0,181336522;6,513996939
1,078731297;1,794688062;2,554878108;1,432256951;8,372499106
-0,340882785;-0,109703699;1,998014241;1,64691412;5,716307795
1,030512611;1,812344733;1,547514259;0,337434295;8,036140367
1,014421759;2,712476201;1,926494272;1,024169265;9,075413354
1,215808938;1,063633523;1,159423694;1,678719259;7,670921426
-1,666646173;-2,579915503;-1,110947686;0,03949046;0,287657595
0,646561835;1,402157197;0,230945596;0,757803937;6,180614377
-1,050958318;-1,955585748;-0,932930747;0,354487819;1,456527992
0,436066152;0,617838955;0,320518929;-0,0256691;4,616877564
0,986987764;1,913549811;1,44097206;0,969225847;8,234968792
-0,820676952;-0,567758031;0,511865669;1,376418495;4,667320063
1,165103926;0,700609612;2,192194314;1,85101404;7,041366286
1,619594073;2,680800478;0,369109276;0,349669556;7,57605265
0,384683919;1,149446137;1,316777921;1,514892028;6,272436847
1,190694316;1,891784047;-0,11569546;-1,190849457;6,371591123
1,114960629;0,045424796;-0,174341241;0,894242482;5,753623242
-1,22891485;-1,55418613;-1,285558753;-0,157929348;0,651519363
1,265396871;0,140134644;-1,063498694;-0,248747751;4,286387452
-0,567101571;0,12890074;-0,372907636;-0,269099959;3,509800111
-1,749423999;-1,073785577;-0,481832462;-0,485619208;1,155654464
-0,102773979;0,273068842;0,648318873;1,536115065;5,36906705
0,381457706;0,76062244;-0,340488653;-0,503351063;4,858696516
1,853111721;0,72850067;0,107713992;2,202717448;7,833162266
-0,749444598;-0,770228181;-0,218538414;-0,691214148;2,309858828
-0,183966821;-0,012416265;0,483940732;-0,467444996;3,88407772
-0,805387009;-0,069443929;1,014110388;-0,601892917;3,742855307
0,157068233;-0,549414988;-1,074331139;-2,159859323;1,702510785
1,020155467;1,129773674;-0,013870158;-0,850576454;5,07001967
-0,376956689;-0,292374997;-1,336338505;-0,123556369;2,2553895
0,012465941;-0,741286744;-1,160603319;0,07794536;3,255934652
1,205523256;1,12240831;0,583163942;-0,204249589;6,151286372
0,838760877;-0,078948017;0,862447117;1,064508981;5,920440282
1,155510214;1,302423412;1,336916881;0,704323425;7,622200273
-0,10074183;0,644613567;0,709059894;0,55398531;5,453385142
0,959997968;0,54405932;0,759121106;1,458957285;6,098485377
1,827482328;1,368622144;0,787588647;1,065046762;8,125798599
-0,616738113;1,099029328;0,638326765;1,436932346;5,373890829
-0,116103963;1,035614295;0,824753735;-1,278185652;4,705846263
1,90932442;2,578871551;0,291931302;0,761441897;8,508438127
-0,911421328;-0,30398866;0,807328175;0,203139619;3,987441792
2,393262799;2,805949809;1,690602537;1,165761345;9,881832952
0,951904428;0,336277867;-1,399783957;-1,191314567;3,129069366
-0,944211081;-1,861962219;-1,094379839;-0,377957402;0,353175059
-0,585875469;0,167845463;0,645822889;0,582054361;4,694835654
0,654332057;1,005879877;0,928167986;2,570321835;7,336638625
1,144909028;1,074079429;0,085441665;0,423030257;6,031199651
-1,719959841;-1,54245476;-1,592913065;-3,090671852;-1,262968237
0,575645072;0,688629712;1,639515636;0,865032775;6,871104354
1,46058739;0,090447804;-0,635932146;0,045288433;4,339433763
0,373640373;0,771510352;1,878916936;2,35699631;6,862641855
0,367805564;0,670569701;-0,623186751;0,138755304;5,003719724
-0,495446857;0,243645793;0,264600156;-0,382450158;4,120014169
1,48397742;2,689331474;1,109980277;0,038611159;8,298518415
0,451349052;-0,589693226;-0,302713288;1,018156188;4,7705321
1,435810656;2,733838931;2,07535427;0,88306887;9,024128012
0,048503805;-0,392551825;-0,606138184;-0,069727352;3,462103986
0,167687854;0,508992898;0,888950259;0,759024046;5,388330668
0,275288979;1,623789837;0,724418174;1,27018576;6,926799735
0,588231994;0,770841889;0,358960153;0,327046966;5,998005102
1,805896444;1,626937337;-0,843966479;-1,351686269;5,779185195
0,308071846;1,032029961;0,159967266;1,319218029;5,346917223
1,294316377;0,995644974;1,130926296;0,915390884;7,197008177
0,472134257;0,522421634;2,32064101;0,347602647;6,38428298
-1,177168886;-0,020878563;-0,029652401;0,025506146;3,459885273
1,637117949;1,047182524;2,42694783;0,01350551;8,256126749
1,200189929;1,35909903;2,057036249;-0,58833978;7,484801676
1,517565747;2,24484702;1,505056449;0,820177376;7,827605226
0,456354617;0,148473273;-0,829105129;-1,843229315;3,298387292
-0,542978616;-0,315367978;0,39756689;0,048527394;3,982262356
-0,653135816;-0,613457662;-0,733245322;0,667688154;3,129118315
-0,96215751;-0,089668302;0,963438662;0,103978845;3,59355624
-0,381801349;1,419929837;1,325458896;-0,644910298;6,017930274
0,640101114;0,416326667;-0,378515494;0,381223872;4,578725743
0,718797307;0,824281687;1,801871822;1,547806092;7,144741063
1,067297598;2,189875145;0,791356038;1,466144984;7,798977294
2,319055455;1,01918886;0,309329312;1,431438955;7,292518367
-0,34169969;-1,196593027;-0,98704402;0,84915438;2,835011468
-0,437830188;0,142473742;1,494436247;1,165629388;5,525859495
1,01860728;0,471259151;0,545354545;1,45348843;6,943238821
0,649211801;1,343290056;0,429365074;-0,459195095;5,394059802
-0,222906222;-0,151832093;-1,395220389;-0,144219064;3,025404506
-0,310138756;0,947552668;0,570919268;-0,229387765;5,095449275
1,858648268;1,317230803;-0,237799518;0,190090864;6,872431848
0,647017593;0,537205653;1,1546318;0,945935135;5,991853314
0,347494516;0,470947538;1,050030022;3,484324637;7,175092774
-0,392440764;0,119392571;0,441808671;-1,018298883;3,514758768
1,753430112;0,329317093;-1,354099144;-0,152327477;4,548836936
1,511267462;1,415268502;2,233157028;1,859274041;8,4591687
-0,655623287;0,427403802;-0,202646978;-1,014237727;3,150703379
1,396527715;1,340005876;-0,32789509;0,71319413;6,211695587
0,709500544;0,215614438;-0,286807515;-1,139955783;4,149316456
1,127396188;0,828828161;-1,718171049;1,399911873;5,305671553
-0,490133037;-0,373360491;0,044380562;-0,381839732;2,861205867
0,808406192;0,951247137;1,385555208;0,710890291;6,656553405
-0,225794191;0,151204606;1,157272026;1,254743069;5,980227281
0,898895339;0,29742718;0,382420291;0,423822816;5,442087674
-0,552711846;-0,382072556;1,146950498;2,166186299;5,401259196
-0,098571351;0,185211116;-0,091245366;-1,461360292;3,165071365
1,069339451;-0,240000777;-0,945020688;-1,10422561;3,788086811
1,409358436;1,973858098;0,67281161;0,95868724;7,528777555
1,420648865;1,280747484;-0,144167984;1,007495806;6,114525523
-1,935932999;-1,667831018;-1,250136722;-0,362530836;0,171830324
0,403962808;0,69125799;0,423254306;-0,758117129;4,498129635
-0,960522081;-0,953906946;-0,736694894;-1,988172651;1,262495524
0,075687663;0,950044873;0,355261876;-0,204191433;5,43940915
0,160227671;0,427493622;1,179164861;-0,027670162;5,198083812
0,631629823;1,694101226;0,240493055;2,418022204;7,301777736
-0,715085489;-0,392881279;0,601418367;-0,242362037;3,735583437
0,801830428;0,533260465;-0,795016013;0,533078468;5,081813478
0,994373064;0,298766653;1,201431575;-0,253414218;5,731968425
0,37537884;0,787590017;0,824329571;1,321170151;6,369611973
2,77281996;0,336371517;-1,759195045;-0,054970553;5,321739874
0,503679867;0,083743285;-0,499359019;-0,183324093;4,751059554
0,851950297;0,425994729;0,764532248;0,193030888;5,311794446
1,53326965;1,566454427;0,60003174;0,22313612;7,721969341
-0,638429375;-0,192961534;-0,836851836;0,114886119;3,185134278
0,993529649;0,719671107;0,892573923;0,866963318;6,592164661
0,338668461;0,447558606;1,915517645;0,552356405;6,031611457
0,464449981;0,145231686;-0,19132644;-0,246401247;4,625446282
1,073500885;0,950476802;0,527769801;0,318131994;5,873953761
0,131224352;0,535458544;-0,388165523;-0,311252787;3,674084597
1,222390695;1,108687128;0,909367477;0,854151973;6,583156396
1,159036551;1,119966568;0,514556765;0,836573917;7,298827031
-1,672584661;-0,098885645;0,182922191;-0,127902744;2,771896278
1,650607499;0,700404509;1,198326073;0,891241527;7,180525125
0,233464876;0,120508351;0,177511487;-0,139731455;4,942643901
-0,773400051;-0,259536196;0,046046955;0,203623512;3,131156878
0,357122551;0,014481851;-0,539792037;-0,184463755;4,004851091
0,296445369;0,310700082;1,542091248;1,034094967;6,271531688
-0,085551133;0,703637436;0,628652178;-0,455659802;4,699669674
1,840515723;0,490030111;-0,838227426;0,496368308;6,167114298
0,608570887;0,248516574;-0,439450668;0,250936812;4,303129936
-0,607422836;0,13378314;0,96040764;0,09051482;4,801897058
2,266073238;2,679629677;1,072773228;0,570420986;8,95344837
-0,226565602;-0,100095299;-0,634562159;-1,524848093;2,133841689
0,832325943;-0,430636507;0,636638376;0,023483961;4,632147086
-0,437077462;-0,417533545;0,694561152;0,05827372;3,586828364
1,47136928;1,687047384;1,291747019;-1,027048848;6,792482823
2,223967825;1,863284678;1,553404573;0,178616078;8,301101576
0,026003044;0,543326291;0,411047089;1,247243968;5,403210723
1,279422824;1,000689606;0,482534369;1,250116897;6,952262278
1,603373889;2,039649362;0,54790229;-0,412278865;7,564816164
-0,46310675;0,444106221;1,481057708;0,727137254;4,701731962
0,694525892;0,69666729;0,686869351;1,665553018;6,68678574
0,286822989;0,449821098;0,910929449;0,842521995;5,651455144
0,759079004;2,185369489;2,302269647;0,56689894;8,243372896
-0,049096981;0,83831697;0,86981339;-0,872463855;4,798703054
0,093040778;0,021385103;-0,406544755;-0,028744041;3,07454778
1,595045427;1,187343237;0,160617869;2,144461947;7,58386866
0,399132542;0,266910586;1,117311418;0,625483934;5,821355091
0,516976613;0,431707728;2,111556363;0,561518875;5,370516716
0,115862404;0,09392229;-0,527615031;-0,048203752;3,988725534
-1,596954446;-0,905100717;-0,3017288;0,807674744;2,814409304
0,242519526;-0,819737955;1,137421961;0,027472255;4,372919706
1,306596468;0,916390322;-0,376872914;0,421418756;5,389578007
-0,465805702;-0,160490261;-0,065943368;-0,444172822;2,981140256
-1,283722621;-0,866153729;-0,833097643;0,672326821;1,705247137
-1,389719443;-0,860463226;1,223762466;0,619805078;3,574455714
0,097999248;-0,014403836;-0,134326331;-1,067639967;4,135767185
0,82076878;0,925517551;-0,303814682;-0,349888908;4,443927884
-0,183300912;-0,584034443;-0,0797113;0,688521304;3,712786867
-1,645081303;-1,595764625;0,279825608;0,643595421;2,264291647
-1,327450566;-1,36413381;-0,61802661;0,049573691;1,48233826
1,451300826;2,011531176;2,18588792;1,458044448;9,229242269
-1,310147039;-1,247546309;-1,036516667;-1,271128721;0,344153987
1,955737656;2,199260081;0,349075349;1,845807;8,613398166
-0,672632539;1,138910237;1,313954839;-0,102502263;5,511373208
-0,672225079;0,637586417;1,860106689;0,513644977;6,100331479
1,607748184;1,489039423;0,082998038;-0,17740175;6,386556112
0,634408625;-0,125915873;0,335526114;0,310840075;5,22027491
0,256964139;-0,400584412;-2,38642936;-1,106715939;1,477836437
-0,014566664;-1,205393828;0,324411062;0,599143329;2,631164643
-0,130862499;-0,388884858;0,469433641;-0,309900858;3,486975686
0,032445744;-0,07037809;-0,186951586;0,139363849;4,07204645
0,236496569;-0,57849413;-0,537344207;-0,254408369;3,001120825
-0,720646956;0,595335562;1,145691578;0,127725199;4,766771579
0,386979789;0,990802999;2,105863136;0,823692244;7,030340027
1,877635065;0,892550621;-0,886721014;-0,046447122;4,958823864
-0,065846832;-0,602183169;0,264384229;0,514944894;4,543327707
-0,306578653;0,458750182;0,45704231;0,548269798;5,348631944
-0,528076545;-0,620494282;-0,996018012;0,410805426;2,962556903
0,830777377;0,777866775;0,985543508;0,669746635;6,310134839
1,127734333;-0,209961474;-0,390071625;2,393135748;5,772409662
0,826858779;-0,109661001;-0,126325259;0,62022745;5,296039403
-1,68736614;-1,86692193;0,034713615;-1,391413462;0,773926067
0,220018935;0,261638015;0,883751031;0,981893169;5,627581767
1,865661433;2,065514077;-0,893340059;-0,575569677;6,340130458
0,188619697;0,296044305;1,230924767;0,22806125;5,240786629
-0,02599879;0,74102734;0,120770001;-0,000118377;4,419720854
1,318207642;0,374973497;0,428380334;0,101104611;5,60777934
0,315461051;0,509768396;-0,089308089;-1,473679291;4,280277598
0,252057797;0,280072515;-0,615352121;0,330051164;4,768325213
0,671771491;-0,395977947;-0,480638887;-0,175414709;3,683202
0,98212703;0,640767471;0,806740205;-0,835100332;5,259887479
0,306218175;-0,223833327;-0,778464097;0,198950515;3,985586324
-0,304545069;-1,026799921;-0,878923793;-0,826504239;2,121862749
1,222503032;0,529660141;0,306370519;0,502309757;5,996165161
-0,451485373;-0,530231638;0,409418718;1,136343379;4,242125575
-0,55072474;-0,278583041;1,925364102;0,668026686;5,568123861
-1,203489731;-0,483050221;0,256539138;-0,325146628;3,128684609
-0,390105076;-0,149021351;-0,529164294;-0,329864189;3,552649942
1,594667694;1,1530013;1,107236487;1,362317563;7,939903961
1,210244792;0,28480532;1,067042246;1,552937803;6,865295962
-0,491998623;0,025601004;1,346046199;2,034501036;5,350623507
-0,622649097;-0,863085014;0,504992746;0,060268081;3,437207277
0,369225421;-0,057972077;-0,425733376;0,566803232;4,378711053
0,361730777;1,126508483;-0,2218354;0,316785707;5,889511432
0,038556731;0,009173047;-0,159831413;-0,551577335;4,307309149
-0,935375734;-0,631649684;0,016219847;-1,011645362;2,876214249
0,112771188;-0,143622744;0,026244059;0,623050592;5,022566266
0,244460064;1,475524402;2,284720126;0,26669814;7,163167368
-0,684338919;-0,908906455;-1,348815849;-0,583802058;0,853273745
-0,619933929;-1,131606885;-0,128641686;0,006161816;3,269028619
1,668459562;1,399799664;0,446180592;-0,268073126;6,366318098
0,89396807;1,172739015;0,399457796;-0,372927514;5,655402565
0,718453687;-0,07512914;-1,02028672;0,223514878;4,239481729
1,040548348;0,541651563;0,924420198;-0,757893616;5,494689806
-0,332043496;-0,060613335;-0,013820423;0,534641026;4,390210345
2,973405907;2,709503168;1,114758073;0,707358402;9,711869918
-0,307989527;-1,083120751;0,508157341;1,04928627;3,477505182
-0,434141125;-0,453188242;1,357068418;0,465735265;4,568425486
-0,550843681;0,194107988;-0,589561839;-1,393771569;3,068379494
0,293118157;0,895341774;-1,418992789;-1,540033119;3,30414327
0,807945183;0,867045486;0,754905258;0,789979496;6,627635911
0,998225598;2,428602617;1,469234513;-0,304489732;7,682306807
-0,201141655;1,025170432;1,209557439;0,999458342;6,527426012
1,240053659;1,503918235;1,051444596;1,81713116;7,809625364
0,818116907;0,355747481;0,176002951;0,254146741;5,365055413
0,537788013;0,953091627;-0,156237362;0,774749019;5,824066442
-1,02210999;-0,794650798;-1,291940739;0,745898119;2,483823966
0,924860628;0,476157904;1,058053352;0,954883645;6,665713461
-1,602609062;-0,630610545;-0,052487662;0,419555001;2,641445137
-1,519386583;-0,856366743;0,060270681;0,34064002;2,696747104
1,567572296;0,626901274;1,459101819;0,510067494;6,972403673
1,413968287;0,912511766;-0,000380039;-0,065306789;5,529420767
0,045117341;0,070233004;0,104984667;0,371342046;4,041825621
0,984447219;1,478032021;-0,563091275;0,882097684;6,344030673
-0,374225109;-0,648492991;-1,221098325;0,145744824;2,12526479
0,089141781;-0,169757367;0,034928064;2,000159775;5,117748054
-1,410057095;-1,683464574;-0,323375518;-0,112371426;1,849279289
0,777146578;0,973958193;1,605822126;1,214726115;7,1370149
1,397101689;0,482174208;-1,021482874;1,129533016;5,828813754
1,033737152;1,308844654;0,187241337;0,413260465;6,799236805
-1,158620852;-1,259805216;0,494169014;1,412175229;3,492523794
2,068678539;1,125965659;0,097916397;0,516364183;7,014825459
-0,209018967;0,20852299;-0,313787277;-0,605370916;4,190748119
-0,304372677;-0,404450008;0,615617134;-0,773040261;3,463831655
-0,463465363;-0,453178081;-0,381199405;0,720317551;3,108275
1,476083484;3,238305557;1,169873979;2,140190229;9,482145822
-0,110917444;-1,364878407;-0,874592765;-0,697480155;1,894718348
-0,128924987;0,351598417;-0,508738931;-0,710467657;3,564673551
1,458132359;1,251916605;-0,013237672;0,861035965;7,03623197
2,420518913;2,28366596;1,34257711;-0,125740513;8,69375294
1,441690935;1,470498254;-0,630494873;-0,037649848;5,683720963
-0,501241363;-0,21592986;0,870936249;0,076011502;4,085834256
-0,245508106;-0,765735485;-0,647200444;-0,182835327;3,026584586
0,127437319;0,747282694;0,497149973;-0,397213597;4,848998778
0,031288581;1,265822615;0,537053969;0,237165227;5,300689267
-0,49430979;0,337234706;0,946392723;0,704521334;5,273154102
-1,619993003;-1,37695621;-0,858788861;0,142440008;1,896044835
-0,776181124;0,389654918;1,762192646;0,811128453;5,85145961
0,911324563;0,776401645;0,932883793;0,570180315;6,68880327
-0,652939335;-0,624831401;0,05461735;0,174594784;3,634269159
0,125798794;0,589360991;0,716179447;0,860102482;5,590278424
0,629390472;0,890393547;-0,366901565;0,303859074;5,532207241
0,91148038;0,018737889;0,794658893;0,487779951;6,133482614
1,471344766;-0,405302878;-1,60805145;-0,479345812;3,868092766
1,473937782;1,704304696;1,775389751;1,598865563;9,093965004
1,866563358;1,669752404;0,949595692;1,657410809;8,144780364
0,302855135;0,213054737;-0,101017143;1,744880062;5,014105858
-0,792977008;0,071998745;-0,172647797;0,152194537;3,962508292
0,907661823;1,434712455;2,245512103;1,339135842;8,158512959
0,604941102;0,624115787;0,024151897;0,126582904;5,800280302
0,998173395;0,062406393;-0,428189945;1,136815439;5,29453459
-0,062357076;-0,594404859;-0,582421345;-0,81904776;2,566923262
0,627940058;0,824570615;-0,639009419;1,348828745;5,607477856
-1,890603313;-1,421184478;0,314119267;-1,365995558;0,748779657
1,709599743;1,931155996;0,094684252;0,503040504;7,720567986
0,498325854;0,272868038;0,784143607;1,273050544;5,922547674
0,622599042;-0,127775016;1,599112188;0,344390469;6,285032116
1,771230766;1,570735992;1,237129285;1,500608012;7,683505403
1,158853725;1,806326664;2,765923216;1,852626436;8,631216513
-0,276756073;0,020107799;0,735822229;-0,054881572;4,834232604
-1,903799954;-1,112154412;-1,944974007;-0,814119599;0,290988493
0,357485808;-0,140329446;0,797723847;-0,053904165;4,377964288
0,757301035;0,850652994;1,492389743;0,534798645;7,316454935
0,272045165;0,328941285;1,480464439;1,11431535;6,214540928
0,587079919;0,78764322;0,342021441;-1,848835376;4,970521706
2,025079556;0,778021216;0,766802089;0,526741965;6,855965844
0,960753451;0,51134611;0,769516462;0,241190281;6,056527896
0,682902775;1,510762683;1,443367944;0,518046912;7,31290937
2,662484659;2,200262575;1,135112275;0,951409727;9,436335394
-0,511725772;0,03810575;0,455724392;0,647250124;4,7244216
-0,387966717;-0,866131129;-0,646207551;-1,08464273;2,547302143
1,102864616;1,4024621;2,229389925;0,524077607;7,320196526
0,255855036;-0,868833424;0,198358405;-0,09906132;3,800191383
0,660693767;-0,03280406;0,744029124;0,919929664;5,916174744
0,795026521;1,134595488;0,475158373;0,782601172;6,387513411
0,634070693;0,875993325;1,811715254;0,484239077;7,070758756
-0,45467979;-0,22748202;0,332703823;1,172773082;4,645966894
0,85195209;0,385847464;0,607579071;1,182196358;6,308776693
0,474992475;-1,167679171;-1,436453841;0,299938181;2,737640454
1,301030187;1,116347171;0,715164855;1,336848865;7,667017708
-0,651745309;-0,462514303;0,822817778;1,027671065;4,479730775
0,105621666;-0,20977017;0,615081578;-0,389031621;4,102754137
-0,013085747;1,02662327;0,852558769;0,375679997;5,62290786
0,520241936;-0,460074158;0,529801686;-0,086810919;4,400618076
-0,476161403;-0,785324419;-0,656829557;-0,08490946;2,605309686
-0,75735262;-1,503620469;0,749672147;0,545893521;3,41612105
1,501409641;0,335344715;0,584575187;1,703310208;6,877738143
0,503152718;0,40387818;0,444943679;1,050865576;6,09742866
1,83898941;0,105955011;-0,621727;-0,344088284;5,359493091
0,312426752;0,484837433;1,096330367;2,135274547;6,019045569
0,095278254;-0,320233522;-1,204184531;0,148306631;2,918572919
0,800638024;1,326950668;0,462400648;-0,094447772;5,651883728
2,435208432;2,148780958;1,646393244;1,551077291;9,483074275
0,320631299;0,405719997;-0,399191155;1,803308724;5,400372747
2,49085412;2,20815158;2,859906384;1,605718686;10,29834379
0,973797642;1,400657557;0,788765147;0,791159965;7,098875053
-0,926746826;-1,680961191;-1,029312998;-0,570240807;1,449229496
0,78706233;-0,193247919;0,798517313;-0,614786558;5,219960225
-0,204825755;0,032314273;1,8031563;-0,16034326;5,281567973
-0,940817185;-0,106173587;0,005672604;1,254567517;4,134758002
-0,029268106;0,902787607;2,305593451;0,057992365;6,864839191
0,402768114;0,637013733;0,056340186;-0,162302608;5,276506648
-0,249820518;-0,318488646;-0,572591016;0,397823637;3,016887902
-0,373153077;-0,225442394;-1,158436373;-1,586856953;2,208833237
0,294933631;0,569816348;0,541141388;1,023710345;4,80444836
-0,175147629;0,774376172;1,149271024;1,07675651;5,489964694
1,50159676;0,829800792;0,3410069;0,384645358;6,386099337
0,845390812;0,62719725;1,311871772;0,45488954;5,893944757
-0,065719327;-0,181924402;-0,683165256;0,461043638;3,657018206
0,000281137;-0,64550609;-0,616713737;-0,226284841;2,551011338
-0,573397277;1,708503022;1,683424495;0,45107389;7,049010393
0,949362185;0,903103405;1,621311106;0,327784975;7,070543962
-0,215481645;-0,29203006;0,526985241;-0,472636769;4,106475096
-0,287272404;-1,45294443;-0,63878387;-0,248963986;2,0826164
1,381531052;1,093412173;0,414324989;-0,721392388;6,126335271
-1,494526174;-1,402445652;0,603188792;0,207964813;2,74064338
-1,082023444;-0,854847748;-0,777505885;-0,231500394;2,081750278
1,788268234;1,563894799;-1,406988379;-0,067120793;5,767826244
0,99370309;1,140293116;1,248090371;1,483354685;7,686893004
0,921625538;1,113839264;0,940661033;0,172463578;6,568355593
-0,89599023;-0,856204259;-0,301038899;-1,417038338;2,112086157
-0,55979338;-0,400572127;1,301213769;0,685081018;4,743474006
1,596998172;1,054366945;0,028527459;-0,136954954;6,418462487
0,321641284;-0,432829195;-0,340318577;1,644692946;4,529385858
1,341212486;1,208350183;-0,585664292;1,245325702;6,297192647
-0,173553762;-0,631858573;-1,067852764;0,554843877;3,505903616
0,498911018;0,443445297;0,930584549;0,356653991;5,022854534
-0,079215369;-0,191588612;-1,567579558;-1,362091148;2,372143858
0,423699387;0,825141273;0,837037412;0,438550779;6,115747551
-0,252783165;-0,592066237;-0,43537974;-0,130971391;3,04674349
0,293991766;0,507163117;0,792790609;0,06595888;5,647476568
0,018519155;0,527363325;-0,395996037;-0,845881579;4,261888486
0,137345831;0,092260765;-0,079365027;-1,503307505;3,910996729
-0,844658806;-0,957788632;1,67558791;0,20508591;3,993123811
-1,485926186;-0,700955754;1,337803705;0,04617491;3,509402605
0,234773008;-0,090019951;0,422275956;0,443012017;4,72767103
-0,274001603;0,165156003;0,401660341;0,040097757;4,71177488
-0,035693884;0,730662565;0,800355377;0,312899427;5,49903189
0,387426597;-0,307931545;-0,75374309;-0,098332719;3,503214355
0,370389088;0,619852252;-0,457608374;0,260230642;4,31024397
-0,111325788;-0,42526091;-1,029608392;1,013895946;3,698970467
1,157989899;1,292416094;0,652731724;1,54606231;7,735806761
-1,352334524;-0,398367331;0,882163182;-0,57674084;3,21994072
-2,480049639;-2,392706433;-1,701123979;0,57441795;-0,291047243
-0,67265474;0,816071982;0,938971494;-0,586988034;4,982071168
-0,977005799;-0,986373532;1,198174425;0,227262618;3,15161903
2,074244254;1,592655323;0,971019435;-0,025495574;7,302529549
-0,527560985;-0,317657906;0,095127951;0,210947066;3,792102739
-0,05608803;1,012798996;0,276371914;-0,205179827;4,977097597
-1,810730936;-0,824816919;-0,152559208;0,758994629;2,341609889
1,303484826;-0,002946583;1,43693777;-0,278189491;5,675275436
0,167319402;-0,760926726;0,278919372;0,829964344;3,613396645
-0,700762828;-1,420746465;-0,243428783;-0,876530942;1,855808213
-0,447433952;-0,277486671;0,186335883;0,069337113;3,472078294
-0,322721259;0,388682829;-0,590569121;-0,072098933;3,967309245
0,795731598;0,359640025;0,515989951;-0,066122247;4,316710408
0,499504474;0,585293878;-1,31837931;-1,677573177;2,526445308
0,111622705;1,020579327;1,648050549;1,655686625;7,532282806
0,618010288;0,862889903;0,860857498;0,884288588;6,617680626
1,514851948;0,773041725;-0,579141827;1,46531654;6,714164073
0,437205538;1,353708494;1,447293388;1,852304926;7,505005881
-1,382164463;-1,326441181;-0,312885123;1,412131862;2,863348954
-0,30108796;-0,017556365;0,896125373;0,644439105;4,81922198
1,031966899;1,605103755;0,839026637;0,269381674;5,991181081
0,640195296;1,004565384;1,05911613;0,223845274;6,833958879
0,0470357;-0,000990215;-1,292404165;-1,437096674;1,896290997
0,29656514;0,786496227;0,484559067;1,665656451;6,334417368
-0,585526076;-0,81230178;-0,163114262;0,993525213;3,430662009
-0,471597571;-0,561447489;0,412974212;0,480223085;3,684447841
0,105088923;0,143569151;0,126565373;-0,6308272;4,011335563
-1,040551837;-0,641507731;0,794741353;-0,694980106;2,580708805
0,674267434;1,47109668;0,392500057;-0,861262236;5,938501451
0,814190313;0,10138225;-0,49982542;-0,549818376;4,670284519
1,213782738;0,411984593;1,406782724;0,863844582;7,001356909
2,009970644;1,553956882;0,704016353;1,680841541;8,639948353
-0,626843963;0,673328029;0,785921076;-0,166358268;4,590034884
-1,105059354;-0,583703355;1,129718733;1,306000367;4,596163119
0,410778578;0,59222908;1,687623554;0,371198443;6,280339426
1,192741111;1,161322309;0,317547248;1,585977601;7,277073175
-0,078156802;-0,626174733;1,603880063;0,570310213;4,687454766
0,220798157;-0,915120141;1,082087225;-1,15459185;3,479135164
-0,294401723;-0,261538611;1,116389892;0,379749202;4,942394638
1,402952595;0,532040356;0,592454345;-0,004275182;5,371267836
0,542715295;0,404393653;0,702756334;0,381584792;5,246953307
0,912647142;1,054949046;0,816112471;-0,294659547;5,472659904
-1,028042824;-0,254626891;0,00479173;-0,044945936;3,246516279
0,747817336;0,458686394;-0,121729944;0,582672539;5,019678765
0,812597956;-0,189787687;-0,239302681;-0,235547303;3,715746116
1,189100854;0,949233727;0,347253027;-1,042028733;4,914588989
1,120792635;0,180918374;0,240097486;0,040161162;5,987613327
2,010159095;1,639650045;0,033325319;-0,556162513;6,786518895
0,131353208;0,234286517;0,131735856;0,308181168;4,76582015
1,302489106;0,331472835;-0,705409924;1,58154652;5,950494594
-0,177859557;0,774817265;1,481349826;-0,625840591;5,157307741
0,86677274;1,557920339;0,122620195;0,511439802;5,293571351
0,88768308;1,31522065;1,468435885;-0,236841936;6,330337964
0,269313878;0,987079971;-0,192607539;-0,777988876;4,252391452
0,325392687;0,33627399;-1,084190851;0,256253452;4,088012665
0,598135717;-0,176883854;-1,5342125;-1,044740136;3,078291303
0,772631529;1,169393218;-1,056802178;-0,817503821;5,072560986
-0,754060306;-0,369518325;-0,407095095;-0,10786214;3,149410864
1,951831482;1,16444354;-1,130584157;-1,679266143;5,549919601
1,614555533;1,175955691;0,445031021;1,246061536;7,511128357
-0,4773232;0,787865474;0,525092194;1,732732163;6,044037861
-0,742269922;0,153268474;1,426722674;0,460834083;5,251124585
0,414070325;1,86788434;1,799655857;1,618020779;8,094960935
-1,288591006;-0,911696885;-0,193619636;-1,990907005;1,472977105
0,423550049;1,781477895;2,879577058;0,271681382;8,251679368
-0,008658359;0,87861739;-0,248264097;1,454975101;5,584700891
0,964862091;0,958126298;1,596984307;-0,031814069;6,780009095
0,221585646;-0,82734377;-0,885452819;0,459703575;3,459621351
-0,064005019;0,533786604;-0,385544855;-0,760033867;3,854619369
-0,223633696;0,827838534;0,995000899;0,264600279;5,658688442
-0,598707202;-0,605162496;-0,007437706;-1,288235655;2,926444756
-0,408237629;-0,313186473;-0,66573491;-0,31648752;3,061421681
-1,453819184;0,189313521;1,239896651;0,063858561;3,821804721
-1,199346521;-0,59925101;-0,683442158;-0,784051986;1,788665004
0,570477031;0,266910171;-1,431351221;-0,932090744;2,7609629
0,546542862;0,518531263;1,338038624;0,873170776;6,683181686
-0,169075873;0,706205395;0,402736507;-0,210499515;5,136653171
-0,932163943;0,144081421;0,434734483;1,032593122;4,562517442
1,045409541;0,465841816;0,534543079;-0,512235169;5,445437853
-0,371182068;0,409462096;-1,218108516;-0,366490515;2,988901288
-0,219182818;0,596356641;0,717077043;0,565185969;4,99441759
-0,582529204;-0,032225121;1,803724109;-0,091523574;4,931611697
-0,304421769;-1,161734615;-0,482358545;1,502052543;3,505212761
0,887805346;0,533106546;0,307355681;0,688812465;5,831067567
1,935466514;1,425722294;1,317248066;0,558876977;7,620520057
-0,16793836;-0,124035889;0,587931074;0,354900327;4,632070028
0,279053039;0,357959817;0,234325992;-1,176275753;4,109941805
-0,999667334;-1,039949623;0,470390682;0,7000009;3,245530624
0,697993328;0,563351001;0,249904143;0,540933187;5,396538899
0,738388011;0,308737563;0,89078737;0,424670323;6,087538974
-0,389235663;-0,796310223;-0,577497606;2,074529571;4,146367571
1,024342532;0,123980258;-1,624253851;0,861086953;4,539933399
-0,316210922;0,657528477;-0,099421253;-0,063074576;4,776571063
-0,234940212;-1,100524568;-0,502710254;-0,588008318;2,277652599
-0,525585273;0,565597925;-0,06289127;-0,500441008;3,249408045
1,200781504;0,826760269;1,348661286;0,375412475;6,90904521
0,885342689;0,148440189;-0,278001333;1,007281659;5,683511207
-0,256458821;0,786060099;1,888939318;0,569051493;6,293054172
-0,614912716;0,239518961;-0,074741754;1,644854286;4,768658541
0,219864011;-0,541242775;1,223568673;0,834756274;5,250843824
-1,720142321;-1,774433935;-1,401382838;-0,877659883;0,136369882
2,193415365;1,830398266;-0,183642523;0,33882889;7,307333067
0,718558843;-0,119926585;-1,020247957;0,829810521;3,731141609
1,081775464;0,607892252;0,565278626;0,823538551;5,84441408
0,243409488;0,289375442;1,571781084;1,470834539;6,514403882
0,397935671;0,536418147;-0,043429549;-0,356041169;4,551474997
1,162150411;1,281932163;0,32340578;-2,349384491;5,484110093
-0,121307067;0,909998734;1,251831114;0,891556333;5,97832205
1,295880786;1,205795628;0,949629594;0,612658818;6,612594292
-0,139878239;0,578344468;-0,713309043;-0,352972497;4,12161043
0,969761802;-0,263462511;-0,599387655;0,403491724;4,834136354
-0,891581211;-0,438172169;-0,037550191;1,966982927;4,303133122
-1,211411388;-1,444022147;1,036065186;0,728436752;2,857188457
0,392912123;-0,214809665;2,375080128;1,705620443;5,727102293
1,220753965;-0,713417221;-1,724478657;-1,471691217;2,429399278
1,302005403;0,508316196;-0,545621963;-2,326454141;4,129484744
-0,197225696;0,861300452;1,141979907;1,316172533;5,32838898
0,792636822;0,581137367;-0,288689044;0,892221755;5,674432008
1,331839131;-0,833225493;-0,700970751;0,305195669;4,003086188
-1,962681669;-1,867308554;-0,039755081;0,951728017;1,889597563
-1,134909706;-1,73769507;-1,442710291;0,347358397;0,962940842
0,642133586;1,328185558;1,740587927;1,024777563;7,757157601
0,898053431;0,071334634;1,021957514;2,254860316;7,042846083
0,103425686;0,225260482;1,175976615;1,142229245;5,389652463
-1,604780326;-2,143610346;-0,421398797;-1,562213633;0,142884226
-0,054013515;-0,640926668;-0,182674262;1,276353682;3,949101638
0,411807442;-0,059803695;2,182163878;1,501203287;6,989383471
0,031802527;0,928994138;0,379634209;0,230567737;5,12428039
1,677857088;1,359341286;0,996495126;0,000521824;7,00249012
0,824604174;0,834703721;1,603468805;-0,444906889;6,59073514
0,190568017;0,338047952;0,336542875;0,084484544;4,793565243
-0,31585626;-0,839169672;-2,145965851;0,413418345;2,247106395
1,041807924;-0,940572692;-1,283859259;-0,220418852;2,701882036
1,678612958;0,631109671;0,739991207;1,777429983;7,050607744
-0,023230774;-0,194987933;0,998465578;0,414675232;5,246265665
-0,144695133;-1,504139627;0,186758424;0,625825236;2,590084017
1,565805297;0,921837139;-0,171349851;-0,307040846;6,020021044
2,185213749;1,959765271;0,770683922;-0,409558584;7,657438886
-0,339333121;-0,710447626;-0,532967677;0,238990909;3,284919138
-0,721148701;-0,1242431;-0,640167448;1,258448408;3,895958162
-0,325180458;-0,476400054;-0,17562182;1,310062635;3,950478887
-0,656732701;0,913669273;1,099157081;1,310277689;6,033077518
1,518608693;0,132371457;1,173899284;-1,968988476;5,072890164
0,485293906;1,968402201;0,645245287;0,840805531;7,489732968
-0,57671577;0,374260179;1,51125526;2,319434249;6,689118655
-0,98997465;-1,246987188;-0,6530785;-0,557972407;1,899269183
1,268570177;1,745117792;2,092528933;1,502416672;7,950361636
0,032481913;0,451993472;0,234085015;-0,092932917;5,061533284
1,383028467;1,686382177;0,231420185;0,373445428;6,384086252
0,001670496;-0,090703842;1,213529376;2,607080064;6,315050797
1,894425442;1,735825414;1,706397081;-0,098177464;7,720278532
-0,121811656;-0,703134881;-0,560824105;-0,70230286;3,006010011
0,289713493;0,370179356;1,649729909;1,077503159;5,928612575
0,441565017;1,166091013;1,47060255;0,915975524;7,032639083
0,659150449;0,406401755;-0,580311001;0,886713328;5,214326654
0,960262736;0,316615728;-0,077958375;0,381319137;5,036145978
1,107613237;0,421295475;0,558931881;-0,418364066;5,450496359
0,664501429;0,164496051;1,263729197;-0,732213014;5,164252943
0,139561151;-1,403195838;-0,461145101;-0,19093317;2,684284265
-0,62584802;-0,53918986;0,675576663;-0,152964997;3,233634853
1,841101957;1,274856583;1,374266163;-1,377141554;6,991207635
0,218845673;0,031683735;0,374738612;1,775867452;5,904289206
-0,058728619;-0,331432302;-0,013135242;0,640147167;4,244296869
-0,978152546;-0,684281675;0,196708543;0,176605168;3,274867909
0,884922495;0,551781866;-0,992566428;0,028894172;3,527779348
-0,132525199;-0,578568539;0,246987284;-1,386456031;2,801278505
-0,040859245;-0,181896714;0,715570976;0,712571285;4,587999282
-1,075816548;0,131135986;-1,544484118;0,877650414;2,632675543
0,00787906;-0,96150721;0,195378736;0,731838542;3,796423796
1,270020722;1,700525539;1,2283034;0,545598505;7,252017307
-0,260242088;-0,071025803;0,484980001;-0,087175989;4,282663868
1,009112008;0,354222535;-0,080479742;-0,242804955;5,115879014
1,24164612;1,036649958;1,39959571;0,395416037;6,981745161
0,021997364;-0,507984914;2,130581979;0,548213834;5,027369915
1,0403274;1,213813996;1,283930591;1,029374735;7,128251174
0,104171498;0,074092123;0,42060064;-0,271180087;4,94365232
0,012836323;0,062458644;-0,151698496;-1,248989811;3,327181315
-2,506990272;-1,576417209;0,907393175;1,897348122;2,55209235
-0,598922257;0,036678265;-1,410822772;0,405852701;3,058740647
0,504022812;0,286346248;-0,256921604;-0,581486678;4,753546911
-1,315842393;-1,261325848;0,253814044;0,510403824;2,472618881
0,288587975;0,821654588;0,259324954;-0,284657715;5,231759212
0,088548431;-0,980732727;-1,990424797;-0,1068893;2,429957104
0,570127242;0,938560392;-0,18126395;0,235008279;5,232068245
0,174183263;0,263405068;-0,306338343;-0,458756399;4,392704082
0,580314953;-0,097517439;-0,629207085;0,13815248;4,425770147
-0,8168545;-0,311832217;1,257850002;1,333861504;4,617460872
2,05742453;2,627655674;2,103013942;1,113082885;10,22844152
0,705850423;1,306536152;2,043147408;1,768796177;7,741725802
1,465824961;1,049547888;0,152059677;1,232107192;6,789686484
0,16353738;0,320634877;-0,454666629;0,448031062;4,317169206
-0,588882028;-1,492975512;-1,166420233;1,535760482;2,300916698
0,197988817;0,922311056;-0,207294767;0,29976124;5,161262006
-1,399023;-0,552905884;0,222390902;1,251191707;2,714165169
1,209477295;1,973026629;1,557079897;1,745867794;8,327368834
0,723071251;1,338441579;0,826540861;-0,215376772;6,017895536
0,408738677;-0,229099585;0,308791249;1,620548214;4,774883194
0,636890637;0,709808183;0,54090214;0,220738465;5,720655907
1,615547081;1,741055295;1,673605785;0,442348254;8,424714781
0,853869463;-0,292119559;2,416345579;1,867587021;6,956614446
0,130878123;-0,330673351;-0,031160666;0,28340994;4,048222476
0,919401641;1,125258409;-0,293343765;0,940735243;6,569897412
1,340317401;0,915552213;-0,030378294;1,405696646;6,735920629
1,411238803;0,694995676;0,175912009;0,712506731;6,675449754
1,004846637;0,532175273;0,291786714;0,741240913;6,187450208
0,472588579;-0,079227315;0,662341065;0,36846857;3,768337451
1,289203193;0,499327238;-0,855466141;0,817836145;5,565666887
-0,541178046;-0,646084695;0,054440751;-3,324158379;1,229486697
-0,797324823;0,791227381;0,709669575;0,578606351;5,386397374
-1,247481477;-1,081027418;-0,128234553;0,388549469;2,57083975
0,354703228;1,330631006;1,053222673;0,306921586;5,550827128
-0,041410006;0,16444606;0,521094837;-1,625448062;3,615498896
0,501376882;0,140939799;-0,246186527;-0,017626013;4,894662113
2,355338853;1,246636884;0,351848763;0,098544146;6,711389092
1,686021119;0,429202119;0,577658274;0,605078868;6,217464318
-1,331567236;-0,862845232;-1,511478367;-1,437936065;-0,175323725
-0,427735275;-0,667548352;-1,213728858;0,970100945;3,382743756
-0,390659336;0,956356615;2,156037523;1,336213554;6,561337317
1,545305509;2,123625123;2,077611347;-0,030430125;8,908626799
-0,051824203;0,715749144;1,868590362;-0,305813862;5,938632819
1,004763375;1,586809667;0,287996101;0,391054203;6,967680886
1,092229207;-0,094164589;0,124735799;0,182181259;5,264421272
0,266821275;0,057060809;1,836430357;1,071467138;6,412094746
0,304686271;-0,384046557;-1,371200397;-0,026269559;3,328313723
0,448823655;0,301079065;0,473780377;0,026808584;5,273475457
1,578977955;1,592670652;0,235758083;-1,053324957;6,772801681
-1,048843737;-0,043672979;1,653563526;1,011736579;4,929854474
0,784306899;-0,368946257;0,450048193;-0,925764674;4,431329143
-0,156542808;0,557769234;1,259247335;0,94199053;5,843086254
0,196804076;-0,001885537;-0,443408252;-0,940529056;3,541968118
-0,465715903;-1,044290718;-0,485557111;1,279062871;2,499595147
0,731997838;0,622148389;1,488444763;0,899567429;5,808044038
1,11581948;-0,033132379;-0,5458213;-0,534935333;4,226824088
1,422023444;2,013014153;0,455727247;0,325336793;7,05520625
0,389043987;-0,563248795;0,295199577;1,308734671;5,074137007
0,693373299;0,070880081;-0,423606217;0,479653579;4,918882285
-0,201694168;-1,169097915;-1,607245081;-0,508339239;1,391324942
0,890648705;0,690893941;-0,166223355;-0,690213385;4,769254072
1,357387443;0,293712925;-0,956864072;-0,829601634;4,410923621
0,248790468;-0,334710382;1,071866569;0,715100794;4,739675268
-0,917528707;-1,797580281;-0,064109077;0,067839176;1,720944248
1,301166875;1,682086964;-0,344834384;0,34187379;6,487867445
1,781712797;1,316600289;0,953080528;1,008939835;7,555611215
0,723456831;-1,525090171;-1,097014145;-1,00530279;1,914035334
-0,276671337;0,53963343;0,733795973;0,883262952;5,369714674
-0,464589097;-0,525701967;1,000880101;0,289598779;4,292948015
-1,713739611;-0,471553366;0,669019267;1,016506577;3,335216169
1,456899572;1,696511566;0,424476082;-0,871700914;6,791346179
1,106208307;0,534501831;0,590644547;1,100787046;6,268077749
0,549397875;0,829921833;0,928003988;0,41927565;5,820055111
1,210620497;1,332972426;2,106920135;1,846305752;8,411254192
0,378536703;0,420080924;0,453852834;-0,123050448;5,344854272
-0,888767359;-1,434930239;-0,365035896;-1,297699188;1,398116962
-0,730386843;-0,519969936;0,334885346;0,655618052;3,738919887
0,355738869;0,454745586;-0,490830928;0,270708356;4,396103354
-1,244815755;-0,887470207;1,127182246;-2,011537462;2,381046091
0,644762898;0,853314818;0,04900133;0,46543471;5,561862089
-0,184148784;-0,062647891;0,1076043;-1,383197534;3,386927305
-0,243364083;-0,309427116;-0,254483588;0,045361568;3,719452769
0,71068093;0,138636548;1,021358593;0,186636053;5,240839179
1,405546382;1,008593878;1,703319141;-0,011351146;7,376496538
0,106485538;-0,927915492;-1,493776849;-0,752841464;2,478917288
0,981629864;0,400489249;0,775911762;0,364501588;6,084189332
0,434905998;1,412979091;0,239954496;-1,230861431;5,679886668
1,046430948;0,326907381;0,054630419;1,773134002;5,986454251
0,72532711;0,774780844;0,89693605;0,104997483;5,61076927
1,583609356;1,018616145;0,794627065;1,098251728;6,86482296
1,483035566;1,900199627;1,921456714;1,193431103;9,007300392
-0,560882344;-0,255959378;2,717515772;0,483106255;4,791254094
0,920446561;-0,252643098;1,874035368;0,840799212;5,869534492
0,109801481;-0,263875667;-0,21389033;2,814860725;5,662411173
-0,790312781;-0,179070869;-0,68265235;0,023310077;3,115914536
0,613694205;0,647693432;1,868864005;0,828789921;6,993750064
-0,881525911;-0,051728766;-0,726438401;-1,735014849;2,359660509
-0,800301284;-0,441793675;0,434475603;0,926764835;3,9793521
-1,292522517;-0,804614029;0,374807107;1,207579074;3,319325385
-0,893835442;-0,800525095;0,036455951;0,056453493;3,239410751
-0,815324407;-0,852127708;2,698919295;1,723223513;5,744890261
0,514775478;1,226510715;-0,296519841;-0,135937827;4,967979978
1,434370678;1,727254773;1,878869301;0,526441903;8,510062789
1,33924513;0,595006565;1,183830588;2,037391758;7,799464442
-1,340500789;-1,476437035;0,22375968;-1,231759161;1,406374642
0,160517756;0,25794405;1,56602375;0,092060559;6,03896916
0,02251742;0,432429318;-0,419574581;0,938542434;4,751545472
0,899813988;-0,394147365;0,176209612;-0,534527459;3,948608647
1,173559927;2,571104828;1,118963792;0,293430497;8,340186621
0,158739701;2,179529477;0,515879381;1,200635816;6,719569472
-0,18615883;-0,448980007;1,648997597;0,142508194;4,70539483
0,909651209;0,70485344;0,572326431;0,043102463;5,892374858
-0,483151092;-0,274828807;0,867826777;1,656583893;4,979503262
0,796598779;0,723089429;-1,015042606;-0,617850757;4,651714036
-1,332367451;-0,823515001;-0,975376722;1,025613004;2,761852332
-0,524153564;-0,861878236;-0,295378211;0,928516026;2,826883602
0,326713702;0,873629942;1,82679952;0,189211688;6,541694075
1,136690789;-0,030558335;-0,4540211;0,420314629;4,663702775
-0,243921352;-1,084936389;1,315531056;-0,03713538;4,342612597
1,173851283;0,761822371;0,02248064;0,372417961;5,889787258
-1,190558379;-1,01045376;-0,646685902;-1,331993026;0,7736961
-1,97965663;-1,59724716;-1,690117809;-1,212767169;-0,372013958
0,540649704;-0,286200729;0,051433369;0,080532588;3,366240486
1,76327641;1,108138987;1,56125101;1,881949483;8,057952025
-1,958413858;-1,092881023;-1,010802475;-1,703632947;-0,005911099
-0,445276999;-1,005753782;0,312400543;0,282603316;3,386195042
-0,092119267;-1,314481521;1,00393594;0,859821664;3,724171363
-0,281097896;-0,116808107;-0,025843736;-0,539194976;3,535527729
0,537244866;0,066818797;-0,094503361;1,640814453;5,510689211
0,421701747;1,422126745;1,739187568;0,504079713;6,910718255
0,172813611;-0,935464868;-0,060409435;-0,523355337;3,43921409
0,347486934;0,725932177;0,933958032;0,784220379;6,33971443
-0,600935145;-0,135625642;1,227217639;0,123118181;4,355257809
0,43561002;-0,038428599;0,562655208;1,073208256;5,723436035
1,402973026;1,223160515;-0,205155692;-0,967132666;4,577614529
-1,871661275;-1,045189867;2,77886616;2,545201714;4,697339743
1,754808254;0,605057446;0,910888808;1,189648002;7,265980239
-0,796410031;-0,501346815;-0,18220929;1,58074544;3,522976901
-0,310684345;-0,375911198;0,391427004;2,428812254;5,3803925
1,425939025;1,189564816;0,800362502;1,539700265;7,450771187
-1,014062972;-1,278505493;-1,237144321;-1,00797399;1,092303321
1,139906287;1,13859713;0,078331466;0,516307262;6,165654865
-0,468054285;0,4582731;0,951749031;0,44076369;5,463679208
-0,335052186;-0,338244123;-0,876278051;0,497986206;3,046851689
-0,955091821;-0,048309603;2,623945174;0,308266832;5,386637609
0,505399023;0,600924052;1,171179095;-0,235912586;6,08798459
0,713685917;0,202342552;0,499217541;0,757931498;5,901408299
0,265660517;0,361297999;0,718395821;-0,197315286;5,132279355
-1,877182685;-0,739443727;0,059756627;-0,967270026;1,691224802
2,143594073;3,016187887;1,770213344;1,354728186;10,61683266
-2,047475414;-1,224491162;-0,373937259;0,048404202;1,948976347
-0,114682946;-1,817685338;-0,422681698;0,076931166;2,155645302
1,466015482;0,984050159;0,562440103;0,967517978;6,957067799
0,664941961;1,551061723;1,054026028;1,436814632;7,607118537
0,938736134;0,229279491;0,916539638;-0,695704586;5,552087649
-0,925374;-0,16318753;-0,275108359;0,929230984;3,62804249
0,063689116;-0,759334283;-1,003714639;0,609432259;3,587837695
0,290204962;0,643478351;-0,28527603;-2,567421362;3,487378938
0,528235868;-0,798336636;-0,589056196;-0,319938759;2,830199727
1,013644725;1,533900508;1,568220378;1,367725339;8,334115181
1,629158926;1,557591902;2,89897943;0,768787831;8,720112996
0,431267267;0,701516698;1,671763685;0,204465858;6,508501323
0,368524582;0,086337775;0,474866525;1,635199509;6,264960583
-0,758483889;-0,279836779;1,202200113;-0,045611957;4,121512939
-0,750822266;0,463577776;0,581261365;-0,669436339;3,966700977
0,46788001;-0,222876609;0,487651753;-0,339056787;3,95206208
0,94367038;0,640682355;0,290733962;-0,091730309;4,69805197
-0,810063478;-0,177043887;-0,909787881;-0,556339209;2,686945669
-0,721419621;-0,821238088;-0,354484719;0,141823569;2,563360085
0,7499167;0,847459179;1,299742093;2,182019172;7,852771834
-0,433988863;-0,139997281;0,323161984;0,441953157;3,944484815
0,779743744;0,220040298;-0,041764347;1,590348613;5,87854379
0,063401624;-0,098197716;0,021743415;0,131732804;4,574075806
-0,228939697;0,049168258;1,167102386;0,836838116;4,238353546
-0,84412122;-1,841820488;1,523575902;2,518940671;4,413392393
1,475146299;1,374269666;-0,302465812;-0,119545965;6,021192135
